{
  "name": "xDave VanillaPlus QoL (No Levels)",
  "author": "xDave",
  "version": "1.0",
  "fileName": "xDave_VanillaPlus_QoL_NoLevels",
  "description": "QoL overrides: stacks x2, weights, talents, recipes, storage/crafting slots, biofuel tweaks, saddles, deep ore, lamps, water purifier, etc. No level changes.",
  "Level2": "True",
  "Rows": [
    {
      "CurrentFile": "D_Itemable.json",
      "File_Items": "Override"
    },
    {
      "CurrentFile": "D_Fillable.json",
      "File_Items": "Override"
    },
    {
      "CurrentFile": "D_Talents.json",
      "File_Items": "Override"
    },
    {
      "CurrentFile": "D_ProcessorRecipes.json",
      "File_Items": "Override"
    },
    {
      "CurrentFile": "D_InventoryInfo.json",
      "File_Items": "Override"
    },
    {
      "CurrentFile": "D_Water.json",
      "File_Items": "Override"
    },
    {
      "CurrentFile": "D_Saddles.json",
      "File_Items": "Override"
    },
    {
      "CurrentFile": "EndOfMod"
    }
  ]
}