{
  "RowStruct": "/Script/Icarus.FillableData",
  "Defaults": {
    "Behaviour": "None",
    "ResourceTypes": [],
    "MaximumStoredUnits": 0
  },
  "Rows": [
    {
      "Name": "Battery",
      "Behaviour": "/Game/BP/Behaviours/Fillable/BP_FillableComponent.BP_FillableComponent_C",
      "ResourceTypes": [
        {
          "Value": "Energy"
        }
      ],
      "MaximumStoredUnits": 10000
    },
    {
      "Name": "Jerrycan",
      "Behaviour": "/Game/BP/Behaviours/Fillable/BP_FillableComponent.BP_FillableComponent_C",
      "ResourceTypes": [
        {
          "Value": "Biofuel"
        }
      ],
      "MaximumStoredUnits": 15000
    },
    {
      "Name": "Biofuel_Lamp",
      "Behaviour": "/Game/BP/Behaviours/Fillable/BP_FillableComponent.BP_FillableComponent_C",
      "ResourceTypes": [
        {
          "Value": "Biofuel"
        }
      ],
      "MaximumStoredUnits": 2000
    },
    {
      "Name": "Powered_Device",
      "Behaviour": "/Game/BP/Behaviours/Fillable/BP_FillableComponent.BP_FillableComponent_C",
      "ResourceTypes": [
        {
          "Value": "Energy"
        }
      ],
      "MaximumStoredUnits": 10000
    },
    {
      "Name": "Mission_Ship",
      "Behaviour": "/Game/BP/Behaviours/Fillable/BP_FillableComponent.BP_FillableComponent_C",
      "ResourceTypes": [
        {
          "Value": "Energy"
        }
      ],
      "MaximumStoredUnits": 18000000
    },
    {
      "Name": "Meta_Biofuel_Can",
      "Behaviour": "/Game/BP/Behaviours/Fillable/BP_FillableComponent.BP_FillableComponent_C",
      "ResourceTypes": [
        {
          "Value": "Biofuel"
        }
      ],
      "MaximumStoredUnits": 10000
    },
    {
      "Name": "Meta_Power_Source",
      "Behaviour": "/Game/BP/Behaviours/Fillable/BP_FillableComponent.BP_FillableComponent_C",
      "ResourceTypes": [
        {
          "Value": "Energy"
        }
      ],
      "MaximumStoredUnits": 45000
    },
    {
      "Name": "Battery_T3",
      "Behaviour": "/Game/BP/Behaviours/Fillable/BP_FillableComponent.BP_FillableComponent_C",
      "ResourceTypes": [
        {
          "Value": "Energy"
        }
      ],
      "MaximumStoredUnits": 25000
    },
    {
      "Name": "Battery_Shelf_T3",
      "Behaviour": "/Game/BP/Behaviours/Fillable/BP_FillableComponent.BP_FillableComponent_C",
      "ResourceTypes": [
        {
          "Value": "Energy"
        }
      ],
      "MaximumStoredUnits": 1000000
    },
    {
      "Name": "Battery_T4",
      "Behaviour": "/Game/BP/Behaviours/Fillable/BP_FillableComponent.BP_FillableComponent_C",
      "ResourceTypes": [
        {
          "Value": "Energy"
        }
      ],
      "MaximumStoredUnits": 3000000
    },
    {
      "Name": "Battery_Shelf_T4",
      "Behaviour": "/Game/BP/Behaviours/Fillable/BP_FillableComponent.BP_FillableComponent_C",
      "ResourceTypes": [
        {
          "Value": "Energy"
        }
      ],
      "MaximumStoredUnits": 6000000
    },
    {
      "Name": "BatteryTest",
      "Behaviour": "/Game/BP/Behaviours/Fillable/BP_FillableComponent.BP_FillableComponent_C",
      "ResourceTypes": [
        {
          "Value": "Energy"
        }
      ],
      "MaximumStoredUnits": 6000000
    },
    {
      "Name": "Flashlight",
      "Behaviour": "/Game/BP/Behaviours/Fillable/BP_FillableComponent.BP_FillableComponent_C",
      "ResourceTypes": [
        {
          "Value": "Energy"
        }
      ],
      "MaximumStoredUnits": 6500
    },
    {
      "Name": "Icebox_Backpack",
      "Behaviour": "/Game/BP/Behaviours/Fillable/BP_FillableComponent.BP_FillableComponent_C",
      "ResourceTypes": [
        {
          "Value": "Energy"
        }
      ],
      "MaximumStoredUnits": 10800
    },
    {
      "Name": "Lava_Hunter_Backpack",
      "Behaviour": "/Game/BP/Behaviours/Fillable/BP_FillableComponent.BP_FillableComponent_C",
      "ResourceTypes": [
        {
          "Value": "Energy"
        }
      ],
      "MaximumStoredUnits": 10800
    },
    {
      "Name": "Oil_Barrel",
      "Behaviour": "/Game/BP/Behaviours/Fillable/BP_FillableComponent.BP_FillableComponent_C",
      "ResourceTypes": [
        {
          "Value": "Refined_Oil"
        }
      ],
      "MaximumStoredUnits": 150000
    },
    {
      "Name": "Battery_Lamp",
      "Behaviour": "/Game/BP/Behaviours/Fillable/BP_FillableComponent.BP_FillableComponent_C",
      "ResourceTypes": [
        {
          "Value": "Energy"
        }
      ],
      "MaximumStoredUnits": 6500
    },
    {
      "Name": "Workshop_Hydrazine_Container",
      "Behaviour": "/Game/BP/Behaviours/Fillable/BP_FillableComponent.BP_FillableComponent_C",
      "ResourceTypes": [
        {
          "Value": "Hydrazine"
        }
      ],
      "MaximumStoredUnits": 10000
    },
    {
      "Name": "CaveLight",
      "Behaviour": "/Game/BP/Behaviours/Fillable/BP_FillableComponent.BP_FillableComponent_C",
      "ResourceTypes": [
        {
          "Value": "Energy"
        }
      ],
      "MaximumStoredUnits": 10000
    },
    {
      "Name": "Portable_Tank_Biofuel",
      "Behaviour": "/Game/BP/Behaviours/Fillable/BP_FillableComponent.BP_FillableComponent_C",
      "ResourceTypes": [
        {
          "Value": "Biofuel"
        }
      ],
      "MaximumStoredUnits": 150000
    },
    {
      "Name": "Truck_Water",
      "Behaviour": "/Game/BP/Behaviours/Fillable/BP_FillableComponent.BP_FillableComponent_C",
      "ResourceTypes": [
        {
          "Value": "Water"
        }
      ],
      "MaximumStoredUnits": 200000
    },
    {
      "Name": "Truck_Fuel",
      "Behaviour": "/Game/BP/Behaviours/Fillable/BP_FillableComponent.BP_FillableComponent_C",
      "ResourceTypes": [
        {
          "Value": "Biofuel"
        }
      ],
      "MaximumStoredUnits": 200000
    },
    {
      "Name": "Flamethrower",
      "Behaviour": "/Game/BP/Behaviours/Fillable/BP_FillableComponent.BP_FillableComponent_C",
      "ResourceTypes": [
        {
          "Value": "Biofuel"
        }
      ],
      "MaximumStoredUnits": 5000
    },
    {
      "Name": "Milk_Bucket",
      "Behaviour": "/Game/BP/Behaviours/Fillable/BP_FillableComponent.BP_FillableComponent_C",
      "ResourceTypes": [
        {
          "Value": "Milk"
        }
      ],
      "MaximumStoredUnits": 5000
    },
    {
      "Name": "Milk_Bottle",
      "Behaviour": "/Game/BP/Behaviours/Fillable/BP_FillableComponent.BP_FillableComponent_C",
      "ResourceTypes": [
        {
          "Value": "Milk"
        }
      ],
      "MaximumStoredUnits": 2000
    },
    {
      "Name": "Milk_Cow",
      "Behaviour": "/Game/BP/Behaviours/Fillable/BP_FillableComponent.BP_FillableComponent_C",
      "ResourceTypes": [
        {
          "Value": "Milk"
        }
      ],
      "MaximumStoredUnits": 20000
    },
    {
      "Name": "Flamethrower_Legendary",
      "Behaviour": "/Game/BP/Behaviours/Fillable/BP_FillableComponent.BP_FillableComponent_C",
      "ResourceTypes": [
        {
          "Value": "Biofuel"
        }
      ],
      "MaximumStoredUnits": 15000
    },
    {
      "Name": "Fillable_Water_0_5L",
      "Behaviour": "/Game/BP/Behaviours/Fillable/BP_FillableComponent.BP_FillableComponent_C",
      "ResourceTypes": [
        {
          "Value": "Water"
        }
      ],
      "MaximumStoredUnits": 500
    },
    {
      "Name": "Fillable_Water_1L",
      "Behaviour": "/Game/BP/Behaviours/Fillable/BP_FillableComponent.BP_FillableComponent_C",
      "ResourceTypes": [
        {
          "Value": "Water"
        }
      ],
      "MaximumStoredUnits": 1000
    },
    {
      "Name": "Fillable_Water_2L",
      "Behaviour": "/Game/BP/Behaviours/Fillable/BP_FillableComponent.BP_FillableComponent_C",
      "ResourceTypes": [
        {
          "Value": "Water"
        }
      ],
      "MaximumStoredUnits": 2000
    },
    {
      "Name": "Fillable_Water_5L",
      "Behaviour": "/Game/BP/Behaviours/Fillable/BP_FillableComponent.BP_FillableComponent_C",
      "ResourceTypes": [
        {
          "Value": "Water"
        }
      ],
      "MaximumStoredUnits": 5000
    },
    {
      "Name": "Fillable_Water_6_5L",
      "Behaviour": "/Game/BP/Behaviours/Fillable/BP_FillableComponent.BP_FillableComponent_C",
      "ResourceTypes": [
        {
          "Value": "Water"
        }
      ],
      "MaximumStoredUnits": 6500
    },
    {
      "Name": "Fillable_Water_10L",
      "Behaviour": "/Game/BP/Behaviours/Fillable/BP_FillableComponent.BP_FillableComponent_C",
      "ResourceTypes": [
        {
          "Value": "Water"
        }
      ],
      "MaximumStoredUnits": 10000
    },
    {
      "Name": "Fillable_Water_15L",
      "Behaviour": "/Game/BP/Behaviours/Fillable/BP_FillableComponent.BP_FillableComponent_C",
      "ResourceTypes": [
        {
          "Value": "Water"
        }
      ],
      "MaximumStoredUnits": 15000
    },
    {
      "Name": "Fillable_Water_30L",
      "Behaviour": "/Game/BP/Behaviours/Fillable/BP_FillableComponent.BP_FillableComponent_C",
      "ResourceTypes": [
        {
          "Value": "Water"
        }
      ],
      "MaximumStoredUnits": 30000
    },
    {
      "Name": "Fillable_Water_50L",
      "Behaviour": "/Game/BP/Behaviours/Fillable/BP_FillableComponent.BP_FillableComponent_C",
      "ResourceTypes": [
        {
          "Value": "Water"
        }
      ],
      "MaximumStoredUnits": 50000
    },
    {
      "Name": "Fillable_Water_60L",
      "Behaviour": "/Game/BP/Behaviours/Fillable/BP_FillableComponent.BP_FillableComponent_C",
      "ResourceTypes": [
        {
          "Value": "Water"
        }
      ],
      "MaximumStoredUnits": 60000
    },
    {
      "Name": "Fillable_Water_100L",
      "Behaviour": "/Game/BP/Behaviours/Fillable/BP_FillableComponent.BP_FillableComponent_C",
      "ResourceTypes": [
        {
          "Value": "Water"
        }
      ],
      "MaximumStoredUnits": 100000
    },
    {
      "Name": "Fillable_Water_150L",
      "Behaviour": "/Game/BP/Behaviours/Fillable/BP_FillableComponent.BP_FillableComponent_C",
      "ResourceTypes": [
        {
          "Value": "Water"
        }
      ],
      "MaximumStoredUnits": 150000
    },
    {
      "Name": "Fillable_Water_250L",
      "Behaviour": "/Game/BP/Behaviours/Fillable/BP_FillableComponent.BP_FillableComponent_C",
      "ResourceTypes": [
        {
          "Value": "Water"
        }
      ],
      "MaximumStoredUnits": 250000
    },
    {
      "Name": "Fillable_Water_1000L",
      "Behaviour": "/Game/BP/Behaviours/Fillable/BP_FillableComponent.BP_FillableComponent_C",
      "ResourceTypes": [
        {
          "Value": "Water"
        }
      ],
      "MaximumStoredUnits": 1000000
    },
    {
      "Name": "Fillable_Oxygen_1L",
      "Behaviour": "/Game/BP/Behaviours/Fillable/BP_FillableComponent.BP_FillableComponent_C",
      "ResourceTypes": [
        {
          "Value": "Oxygen"
        }
      ],
      "MaximumStoredUnits": 1000
    },
    {
      "Name": "Fillable_Oxygen_2L",
      "Behaviour": "/Game/BP/Behaviours/Fillable/BP_FillableComponent.BP_FillableComponent_C",
      "ResourceTypes": [
        {
          "Value": "Oxygen"
        }
      ],
      "MaximumStoredUnits": 2000
    },
    {
      "Name": "Fillable_Oxygen_5L",
      "Behaviour": "/Game/BP/Behaviours/Fillable/BP_FillableComponent.BP_FillableComponent_C",
      "ResourceTypes": [
        {
          "Value": "Oxygen"
        }
      ],
      "MaximumStoredUnits": 5000
    },
    {
      "Name": "Fillable_Oxygen_6_5L",
      "Behaviour": "/Game/BP/Behaviours/Fillable/BP_FillableComponent.BP_FillableComponent_C",
      "ResourceTypes": [
        {
          "Value": "Oxygen"
        }
      ],
      "MaximumStoredUnits": 6500
    },
    {
      "Name": "LegendaryWeapon_GolemGauntlet",
      "Behaviour": "/Game/BP/Behaviours/Fillable/BP_FillableComponent.BP_FillableComponent_C",
      "ResourceTypes": [
        {
          "Value": "Biofuel"
        }
      ],
      "MaximumStoredUnits": 10000
    },
    {
      "Name": "Lithium_Tools",
      "Behaviour": "/Game/BP/Behaviours/Fillable/BP_FillableComponent.BP_FillableComponent_C",
      "ResourceTypes": [
        {
          "Value": "Energy"
        }
      ],
      "MaximumStoredUnits": 10000
    },
    {
      "Name": "Industrial_Tools",
      "Behaviour": "/Game/BP/Behaviours/Fillable/BP_FillableComponent.BP_FillableComponent_C",
      "ResourceTypes": [
        {
          "Value": "Biofuel"
        }
      ],
      "MaximumStoredUnits": 2000
    },
    {
      "Name": "Laser_Tools",
      "Behaviour": "/Game/BP/Behaviours/Fillable/BP_FillableComponent.BP_FillableComponent_C",
      "ResourceTypes": [
        {
          "Value": "Energy"
        }
      ],
      "MaximumStoredUnits": 10000
    },
    {
      "Name": "Radiation_Tracker",
      "Behaviour": "/Game/BP/Behaviours/Fillable/BP_FillableComponent.BP_FillableComponent_C",
      "ResourceTypes": [
        {
          "Value": "Energy"
        }
      ],
      "MaximumStoredUnits": 10000
    },
    {
      "Name": "Flamethrower_Turret",
      "Behaviour": "/Game/BP/Behaviours/Fillable/BP_FillableComponent.BP_FillableComponent_C",
      "ResourceTypes": [
        {
          "Value": "Biofuel"
        }
      ],
      "MaximumStoredUnits": 50000
    }
  ]
}